1, 0, 0, 0, 0, 0, 0, 0, 0, 0, 0, 0, 0, 0, 0, 0, 0, -0, 0, 0, 0, 33.333333333333, 1, 
2, 0.00023526947852308, -0.0001350484607475, -0.0024852384565118, 9450.1694277108, 0.001659663910814, 0.00078115766915444, -0.0016986187878153, 0.00023526947852304, -0.00013504846074749, -0.0024852384565118, 0.001659663910814, 0.00078115766915448, -0.0016986187878153, 0.00078256686719937, -0.0016589996807862, 0.0016986187878153, 5.1523003050816, 0.0018343095706388, 0.00078115766915444, -0.001659663910814, 66.666666666667, 2, 
3, -0.098248791577706, -0.042193326463229, 0.0046546604372236, 4454.8377403846, -0.081555065424054, 0.059731963225951, -0.035151539875039, -0.097960714331059, -0.04244965973839, 0.0021833846283583, -0.079933751964951, 0.060413762641136, -0.036929850550896, 0.058928801823782, 0.081028151883436, 0.036850158662855, 0.93864645189228, 0.10108974293739, 0.060513120895105, 0.07989540151324, 100, 3, 
4, -0.012611235051845, -0.01093489718053, 0.029937175099802, 5573.5714285714, -0.031974700735369, -0.006785178209761, 0.010316472379019, -0.10994306851411, -0.054830638224226, 0.031828650068938, -0.11207306105225, 0.052634131803599, -0.027860703524832, 0.051133893061241, 0.11277166530199, 0.026533686283836, 1.7798990545438, 0.032686696536277, 0.053727942685344, 0.11187010224861, 133.33333333333, 4, 
5, -0.032815010243497, 0.0014647945660897, -0.017953932020736, 5317.464953271, -0.0070222029772972, 0.034551152424927, -0.012578554637269, -0.14320536319263, -0.051865000570312, 0.014878927677927, -0.11925240586653, 0.087761406827539, -0.038677322447433, 0.085435775236412, 0.12092390315762, 0.039112240921105, 0.20050973822748, 0.035257530664312, 0.088279095110271, 0.11889230522591, 166.66666666667, 5, 
6, -0.0095722036536764, -0.015996454991079, 0.0049083057868428, 4242.9059180577, -0.016710210323545, -0.0010131687798238, -0.0095575883011494, -0.15277511733008, -0.068121764516444, 0.018883610760665, -0.13551299339572, 0.087010717641047, -0.049018009719919, 0.0836903954559, 0.13757350643805, 0.048669829222254, 1.6313539112127, 0.016740897229047, 0.087265926330447, 0.13560251554945, 200, 6, 
7, 0.0041232940348476, -0.0048908351325908, 0.0065990873688556, 4067.0181818182, -0.0042373691511104, -0.0081139561605696, 0.00082350867895138, -0.14847976496234, -0.073542528706404, 0.024952574135894, -0.13957435537487, 0.078754535989718, -0.048929520319317, 0.075381477824808, 0.14141453042375, 0.047846320543303, 2.6603178854244, 0.0091537741887392, 0.079151970169878, 0.13983988470056, 233.33333333333, 7, 
8, -0.0044778592223969, -0.016358118038649, 0.011142410059107, 4058.0237741456, -0.017890731319189, -0.0078590711936151, -0.0054725974127434, -0.15276374215088, -0.090647390398353, 0.035024542087707, -0.15703874260714, 0.070868061083218, -0.055650533226148, 0.066627894649172, 0.15888499565271, 0.053318917956046, 1.9847012644165, 0.019540810299517, 0.071292898976263, 0.15773061601975, 266.66666666667, 8, 
9, -0.030117741684892, -0.00091588569304372, 0.025724625106776, 3330.9020044543, -0.034553662272108, 0.013306611491602, 0.014094402132316, -0.18171388907534, -0.093029692633259, 0.061998230407562, -0.19243669677291, 0.082099107612111, -0.041786378111377, 0.078321885938384, 0.19401690103536, 0.03922451582373, 1.2032004936051, 0.037027307298849, 0.084599510467865, 0.19228427829186, 300, 9, 
10, -0.026256228988711, -0.0065290021352142, 0.023643601151291, 4693.0245535714, -0.033754082161266, 0.0086910884947948, 0.0087272226213232, -0.20707169031288, -0.10091576057691, 0.086222716117697, -0.22671116230371, 0.089254360172599, -0.033656344919537, 0.085831212048928, 0.22805329147622, 0.030497293202407, 1.3187877191086, 0.034855029504705, 0.09329059896266, 0.22603836045313, 333.33333333333, 10, 
11, -0.032889168615761, -0.004640673213043, 0.022325956049028, 5058.0403889304, -0.03585880389923, 0.015387436889431, 0.0088912734940754, -0.2390242695279, -0.10649493243349, 0.10968773560883, -0.26321652954351, 0.10301999749212, -0.024680420003522, 0.10027930740224, 0.26430063852145, 0.021606019708331, 1.1654480855466, 0.039020853797805, 0.10867803585209, 0.26189716435236, 366.66666666667, 11, 
12, -0.078418346708559, -0.0085662349140161, -0.013117784765322, 4104.2395437262, -0.041832389130817, 0.065180812382455, -0.019909922100748, -0.31844054051515, -0.10924434243263, 0.099903209622748, -0.30486959721265, 0.17007051907607, -0.038077744893712, 0.16410661891922, 0.30816834443343, 0.041515941809079, 0.57058197468018, 0.077449900472685, 0.17385884823455, 0.30372955348317, 400, 12, 
13, -0.09622668247396, -0.002812248592595, 0.010500998339835, 3556.0546875, -0.064505940025995, 0.072214396019937, -0.0013483826086102, -0.41410022601444, -0.10909890870067, 0.11533435115745, -0.37072328716092, 0.24102947292092, -0.03395044564518, 0.23353604158174, 0.37566270885102, 0.042864324417689, 0.72907659647137, 0.09682941335752, 0.24607324425448, 0.36823549350917, 433.33333333333, 13, 
14, -0.08110710648157, -0.0047808937861091, 0.016285823896715, 4820.4652996845, -0.060323968516476, 0.056780565449387, 0.0018530594041152, -0.4945109810232, -0.11277263531875, 0.13512717197071, -0.43233037292251, 0.29626178642552, -0.028940446624482, 0.28773756215861, 0.43831418222841, 0.041011265013574, 0.81564739563721, 0.082843308663578, 0.30285380970387, 0.42855946202564, 466.66666666667, 14, 
15, -0.015693671198008, -0.0019925581067301, 0.036956934115638, 4351.6730769231, -0.03381830255152, -0.0034439921911555, 0.021460142465331, -0.50837873019947, -0.12291496884243, 0.17179219906674, -0.46894857715824, 0.2880417432999, -0.013740328433525, 0.28327132710164, 0.47201210262358, 0.019551122548243, 1.6722845621697, 0.033993215053579, 0.29940981751271, 0.46237776457716, 500, 15, 
16, -0.015533370174495, 0.0026846773452312, 0.028839718355031, 3687.9850746269, -0.026206266233616, 0.0017476208912633, 0.019758534778533, -0.52201612181825, -0.12641636227535, 0.20173286508211, -0.49782680786522, 0.28520507680742, 0.0021556688325127, 0.28476538420893, 0.49823364572697, 6.2829778949493, 1.5042077823524, 0.026264473508653, 0.30115743840398, 0.48858403081078, 533.33333333333, 16, 
17, -0.0088852567919938, -0.0096769177855342, 0.028297975901668, 3660.6666666667, -0.028116919439953, -0.0085891217068626, 0.010441828383941, -0.53031514328417, -0.14244388345406, 0.22749019299382, -0.52713678167912, 0.27452689600195, 0.0061677884653723, 0.27632905204645, 0.52639665529032, 6.2725360665654, 1.8672718971964, 0.029399560719305, 0.29256831669711, 0.51670095025073, 566.66666666667, 17, 
18, -0.019554994619066, -0.0037160164607233, 0.017430513829827, 3647.1586715867, -0.024454242437003, 0.0070282151956987, 0.0072542204237474, -0.5491253947094, -0.14862423571585, 0.2451039878289, -0.55249840152053, 0.27984299839391, 0.011717157200918, 0.28370564135103, 0.55074802179424, 6.2652818461416, 1.2909363821947, 0.025444169902058, 0.29959653189281, 0.54115519268774, 600, 18, 
19, -0.0061891242877188, -0.012393007896939, 0.020832999952299, 3992.7631578947, -0.023115895395947, -0.0088199876817294, 0.0037106642284575, -0.55553915126172, -0.16571586051676, 0.26253872568985, -0.57591192147573, 0.27063733160351, 0.009645236072574, 0.27534409229265, 0.57403365344828, 6.2615711819132, 1.9353015089061, 0.02474139855914, 0.29077654421108, 0.56427108808368, 633.33333333333, 19, 
20, -0.041431013826901, -0.0011933183982718, 0.059159889586303, 4971.9265367316, -0.062699512569153, 0.0085005352972267, 0.034847630639716, -0.59249951681619, -0.17836998070264, 0.32372679035343, -0.64299293057237, 0.2698754780416, 0.03738929254219, 0.28628467038199, 0.63635068101031, 6.2267235512734, 1.4360421682259, 0.063273122072084, 0.29927707950831, 0.62697060065284, 666.66666666667, 20, 
21, -0.040165254029534, -0.0086324495293703, 0.015671788005254, 4511.5384615385, -0.037855221373193, 0.022341849926996, 0.0010935797835503, -0.63253858290821, -0.18523452618693, 0.34059890001633, -0.68066167903316, 0.29236117184375, 0.040610479859435, 0.3107471261441, 0.67287141650312, 6.2256299714899, 1.0376197840846, 0.043956524468774, 0.32161892943531, 0.66482582202603, 700, 21, 
22, -0.044719714533631, 0.002905831419066, 0.033665828167278, 4288.9878695982, -0.046286059897057, 0.023423049142226, 0.021228430140159, -0.67362961871297, -0.18605965861896, 0.37892669136286, -0.729659080716, 0.30935803847127, 0.062256148840651, 0.33726816166411, 0.71745368321826, 6.2044015413497, 1.1023206370994, 0.051875221174594, 0.34504197857753, 0.71111188192309, 733.33333333333, 22, 
23, -0.010325039493588, 0.0047333579925991, 0.017705773403024, 4153.5792951542, -0.015015460954591, 0.0030052490100269, 0.014422545981276, -0.68156974400453, -0.18577866422382, 0.39865986490802, -0.74678936656396, 0.30772870973074, 0.074762994898108, 0.34155193481679, 0.7321554200598, 6.1899789953685, 1.3732626554854, 0.015313248815687, 0.34804722758756, 0.72612734287768, 766.66666666667, 23, 
24, -0.014378518099, 0.0083630602091275, 0.010082299549558, 4130.0960118168, -0.010709941666413, 0.010957015407113, 0.011982328826164, -0.69324219347479, -0.17862777287395, 0.41278264394549, -0.75910022355871, 0.31431945898938, 0.0886135881907, 0.35351567572002, 0.74172753098033, 6.1779966665423, 0.7739954070548, 0.015321848358788, 0.35900424299467, 0.73683728454409, 800, 24, 
25, -0.016193415108384, 0.006485912302275, 0.014903749363526, 4733.4375, -0.015790624722495, 0.0096408825751436, 0.013569265766404, -0.70676915699532, -0.17456973174159, 0.43109394014246, -0.77671541855882, 0.31937745668159, 0.1027157686683, 0.36486053651457, 0.75634189568657, 6.1644274007759, 1.0226594107451, 0.018501093101608, 0.36864512556982, 0.75262790926659, 833.33333333333, 25, 
26, -0.014275348962957, 0.002965680867827, 0.011886999854224, 4491.0727406319, -0.014489941178237, 0.0078611329446585, 0.0090623283338357, -0.71937636007671, -0.17311615078492, 0.4450961027742, -0.79233281715445, 0.32438123609476, 0.1121058734008, 0.37444389806292, 0.76975506996986, 6.1553650724421, 1.0737113817799, 0.016485017637915, 0.37650625851447, 0.76711785044482, 866.66666666667, 26, 
27, -0.017637831148439, 0.0015061497931314, 0.016754509623944, 4207.5, -0.020299139119981, 0.0079515301302948, 0.010899233458232, -0.73531680299865, -0.17408933859003, 0.4636205174836, -0.81400297358974, 0.32918849672046, 0.1223768686338, 0.38502213297632, 0.78881755710028, 6.1444658389838, 1.1974502744737, 0.021800960539052, 0.38445778864477, 0.7874169895648, 900, 27, 
28, -0.015046057997959, 0.0020416849148142, 0.018840211378214, 3900.5486466715, -0.019847263142736, 0.0052198926856144, 0.012819700979579, -0.74844344319629, -0.17590227232596, 0.48404238440346, -0.83565532760576, 0.33058519983416, 0.13341647207255, 0.39305741739062, 0.80770114602941, 6.1316461380042, 1.3136173416198, 0.020522210746075, 0.38967768133038, 0.80726425270754, 933.33333333333, 28, 
29, -0.015430028323521, -0.0011404946132662, -0.012383467477608, 4277.9605263158, -0.001692463632379, 0.017108540208635, -0.0098574818380507, -0.76450903006049, -0.16867078401644, 0.4736670362848, -0.83483700250428, 0.35089158221578, 0.13117451952963, 0.41022959562282, 0.80687614165318, 6.1415036198423, 0.098604257959897, 0.017192049942267, 0.40678622153902, 0.80895671633992, 966.66666666667, 29, 
30, -0.02153013340288, -0.0061334646410854, -0.0090905448925457, 4037.0288248337, -0.0098580278580627, 0.018578329136454, -0.011894063507537, -0.78757462169868, -0.16597285691627, 0.46518598149561, -0.84158868533498, 0.37416612632782, 0.12628179491095, 0.42997090669238, 0.81412947021551, 6.1533976833498, 0.4878422737564, 0.021031762331121, 0.42536455067547, 0.81881474419798, 1000, 30, 
31, -0.013327575874404, -0.0027096705226934, 0.018434057039923, 4185.9546452085, -0.020945500279557, 0.0020047196971535, 0.0090580459096892, -0.8003147873862, -0.17292176778221, 0.4830886426496, -0.86396028356739, 0.37413624278916, 0.1318148985661, 0.43476243246336, 0.83461779191089, 6.1443396374401, 1.4753757547125, 0.021041218667774, 0.42736927037263, 0.83976024447754, 1033.3333333333, 31, 
32, -0.01377857356647, -0.0045363596319673, 0.015395715656896, 4563.1578947368, -0.02017639177248, 0.0028588253342356, 0.005674161136949, -0.81409991317986, -0.18023078467013, 0.49747499280934, -0.88487525207146, 0.37625374699118, 0.13473017722623, 0.44044169678365, 0.85418829470255, 6.1386654763032, 1.4300416851645, 0.020377921072775, 0.43022809570686, 0.85993663625002, 1066.6666666667, 32, 
33, -0.013809383598682, -0.0043826210031902, 0.015424107759187, 3989.8466033601, -0.020136076610891, 0.0029365196224176, 0.0058073122161962, -0.82785753174684, -0.18741289498928, 0.51196371278876, -0.90577638516675, 0.37835996932202, 0.13780984197258, 0.44630414519608, 0.87367458055627, 6.132858164087, 1.4259834176503, 0.02034907193885, 0.43316461532928, 0.88007271286091, 1100, 33, 
34, -0.070107716778996, -0.022281971939291, 0.041741557727186, 4299.173553719, -0.078865073967838, 0.030017885845445, 0.0057587968580647, -0.89979144470415, -0.20853474954007, 0.55116968149888, -0.98351301375869, 0.41138900595174, 0.14269133992653, 0.48800580486954, 0.94703483201267, 6.1270993672289, 1.2071047647918, 0.08438467492728, 0.46318250117473, 0.95893778682875, 1133.3333333333, 34, 
35, -0.092511873846133, -0.020310957480925, 0.089931706515848, 5141.511627907, -0.12182533618698, 0.029012994006528, 0.037088131244802, -0.9896488087126, -0.24435678887109, 0.63941407236003, -1.1104246039323, 0.43244307269252, 0.16708015951684, 0.53774125929918, 1.0619603106374, 6.0900112359841, 1.3369990683338, 0.12523244930247, 0.49219549518125, 1.0807631230157, 1166.6666666667, 35, 
36, -0.059778035239425, -0.019276056450456, 0.061171633794421, 4389.442700157, -0.083738512847805, 0.014898387675102, 0.02128025670501, -1.0493020339476, -0.27466174617905, 0.69649143740685, -1.1969618750875, 0.44430358501915, 0.17734436169571, 0.56927989885445, 1.1409486564461, 6.0687309792791, 1.3947231056491, 0.085053515443394, 0.50709388285636, 1.1645016358635, 1200, 36, 
37, -0.03039360384585, 0.0028785881684048, 0.033756235406124, 5077.7672479151, -0.037961851226563, 0.011800611155446, 0.022162676625226, -1.0745719823825, -0.28058384032794, 0.73443763211413, -1.2389806507775, 0.44653697500769, 0.1958643435417, 0.589270621189, 1.1753094909732, 6.0465683026539, 1.2694112901755, 0.03975369884916, 0.5188944940118, 1.2024634870901, 1233.3333333333, 37, 
38, -0.028182379745397, 0.0097571283663437, -0.0062869009228585, 5111.5646258503, -0.0076394326941883, 0.029464510769269, 0.001566713148297, -1.0978361201323, -0.25907322220377, 0.7397014461749, -1.2452727576614, 0.47218538380148, 0.21414555613227, 0.61970534364757, 1.1758052912938, 6.0450015895056, 0.25368953439906, 0.030438763555069, 0.54835900478107, 1.2101029197843, 1266.6666666667, 38, 
39, -0.0089916625180353, 0.010498651250701, -0.0029692095022717, 5434.6407624633, 0.001854795395214, 0.012900035823381, 0.005480568095933, -1.1023730669113, -0.2453614444771, 0.74442841224173, -1.2441287751076, 0.47965239791164, 0.22733175476828, 0.63179023119781, 1.1709261228681, 6.0395210214097, 6.1403818245097, 0.013032696965809, 0.56125904060445, 1.2082481243891, 1300, 39, 
40, -0.040726775648968, 0.024487947877346, 0.040552524173009, 5305.1833832335, -0.037606668371418, 0.026410113078037, 0.042321159510769, -1.1289344361703, -0.23322139853162, 0.80160309901436, -1.290208139503, 0.48255933991701, 0.27194198436343, 0.66712035085952, 1.2003071157952, 5.9971998618989, 0.95854710614761, 0.045953841828432, 0.58766915368249, 1.2458547927605, 1333.3333333333, 40, 
41, -0.038053915774301, 0.018037485760425, 0.037927228537309, 6139.907063197, -0.037572475153236, 0.022628422375494, 0.035891350977198, -1.1554420289051, -0.22568654140068, 0.85256212074133, -1.3345740791377, 0.48606022271638, 0.30903180745859, 0.69995444570496, 1.2293839967691, 5.9613085109217, 1.028716259793, 0.043860419381765, 0.61029757605798, 1.2834272679137, 1366.6666666667, 41, 
42, -0.035186137423262, -0.042890941140801, 0.010214434648623, 4798.531626506, -0.048500313091308, 0.0061931800860042, -0.028131760684065, -1.2071701042385, -0.25287435298885, 0.84417217695784, -1.3730569536003, 0.51990505821272, 0.27972384519158, 0.72055019751079, 1.2737270125984, 5.9894402716058, 1.4437900471424, 0.048894128988382, 0.61649075614399, 1.331927581005, 1400, 42, 
43, -0.039833268718411, -0.017596425902945, 0.0035225274309413, 5309.1573033708, -0.034354549008445, 0.023335204101887, -0.013563363757819, -1.2520962011941, -0.25355618486139, 0.84535182483706, -1.4004787562826, 0.55542523067771, 0.27716016156254, 0.75265469096675, 1.3000717179363, 6.0030036353636, 0.97413515932599, 0.041530311677742, 0.63982596024587, 1.3662821300135, 1433.3333333333, 43, 
44, -0.027861311667143, -0.026022109212744, 0.010756438880146, 5176.3646702047, -0.036157724166169, 0.0071338873828457, -0.014520007716357, -1.2894053571894, -0.2703882044597, 0.84475010899077, -1.430336650337, 0.57874805737963, 0.26166165270643, 0.76927057237864, 1.3329679712002, 6.0175236430799, 1.3759991047264, 0.036854760426136, 0.64695984762872, 1.4024398541796, 1466.6666666667, 44, 
45, -0.03193952415829, -0.040271416806354, 0.0076303391887804, 4620.0680272109, -0.043641592873685, 0.0057389653040116, -0.02761553698434, -1.3370142414542, -0.29494795501029, 0.83314723483571, -1.4630431321703, 0.61169742820919, 0.23252339687974, 0.78570347183414, 1.3738013978588, 6.0451391800643, 1.4400443765599, 0.044017318765607, 0.65269881293273, 1.4460814470533, 1500, 45, 
46, -0.03851855598802, -0.046287448972541, 0.0019205584544731, 5697.0543806647, -0.046840918828717, 0.010889757314337, -0.036293755651214, -1.3935820055087, -0.31786611370372, 0.81383929907399, -1.4952562480635, 0.65576051961917, 0.19907630696506, 0.80654739554204, 1.4171367339181, 6.0814329357155, 1.342370163126, 0.048090108037762, 0.66358857024707, 1.4929223658821, 1533.3333333333, 46, 
47, -0.052664637744206, -0.048086326756545, 0.0068735807801044, 5094.1244239631, -0.059193248431456, 0.01951403578278, -0.035333646013179, -1.4636916797394, -0.3406070627471, 0.80017119826885, -1.5389231552483, 0.70850538497497, 0.16857199588178, 0.83656544177431, 1.471755194838, 6.1167665817287, 1.2523494723456, 0.062326866216743, 0.68310260602985, 1.5521156143135, 1566.6666666667, 47, 
48, -0.039699871414198, -0.055281807046555, -0.0015169204863579, 4755.4849884527, -0.049812343507288, 0.0094896055473527, -0.0454217566599, -1.5251897864867, -0.36714230462722, 0.77012130857304, -1.568957856138, 0.75947591115017, 0.12510877507125, 0.85308970549142, 1.5196911569274, 6.1621883383886, 1.382544985753, 0.050708206230672, 0.6925922115772, 1.6019279578208, 1600, 48, 
49, -0.035657849649609, -0.050718127429456, -0.00015576322182393, 5210.0154083205, -0.046042286389351, 0.0075772554171779, -0.040823122889532, -1.5804263908834, -0.39278255136139, 0.7423651080719, -1.5963441584154, 0.80481503628128, 0.084203234185045, 0.86525124713237, 1.5647369156067, 6.2030114612781, 1.4076867259353, 0.04666162165652, 0.70016946699438, 1.6479702442101, 1633.3333333333, 49, 
50, -0.018167972049533, -0.045449700743768, -0.032509870672971, 4711.9565217391, -0.012483718356805, 0.0090417390152297, -0.05670135341074, -1.6194119254238, -0.39361774748223, 0.68781096679958, -1.5847259189313, 0.85852379248796, 0.045770087013924, 0.87492628856639, 1.576734005636, 6.2597128146888, 0.94395857953229, 0.015414158051336, 0.70921120600961, 1.660453962567, 1666.6666666667, 50, 
51, -0.016959609845985, -0.063417078719771, 0.0047955823702436, 4998.1537302185, -0.044571253715336, -0.014908044828761, -0.046081499469474, -1.6598851127117, -0.43889681320833, 0.64612310317142, -1.6043280790989, 0.8894529702617, -0.018146171773499, 0.8600387234314, 1.621307994029, 0.022609006978723, 1.8935755372223, 0.046998366550054, 0.69430316118085, 1.7050252162823, 1700, 51, 
52, -0.054072554567134, -0.057042274344399, 0.017829710379738, 4936.7139570552, -0.071481321029824, 0.012359705459961, -0.035117226183837, -1.7307420425563, -0.4814138092393, 0.62982981254551, -1.6565980377588, 0.93558435620016, -0.065407310896718, 0.86951754027435, 1.693224519415, 0.057726233162559, 1.3995810357653, 0.072541998698862, 0.70666286664081, 1.7765065373121, 1733.3333333333, 52, 
53, -0.067143758483612, -0.057951803988855, -0.0065421835446854, 4876.875, -0.064011323637282, 0.032618154594202, -0.05242233208002, -1.8174514615571, -0.49977100445023, 0.5983990288433, -1.6964538213536, 1.0109270020089, -0.10513642776049, 0.8966513068702, 1.7597380085572, 0.11014856524258, 1.0995232465977, 0.071842839329526, 0.73928102123501, 1.8405178609494, 1766.6666666667, 53, 
54, -0.027692249294292, -0.05990388201277, -0.0061173930265816, 6027.4548311076, -0.042134696086005, -0.00024873564566959, -0.051160164882798, -1.8669472734443, -0.52831126339117, 0.55042514380059, -1.7089925624257, 1.0587730313904, -0.16098809652736, 0.89070412458623, 1.8014472701191, 0.16130873012538, 1.5766996031775, 0.042135430265769, 0.73903228558934, 1.8826525570354, 1800, 54, 
55, -0.029741949892312, -0.061819067237965, -0.011942512825777, 4767.8237129485, -0.040564722026241, 0.0030124008106379, -0.056517530467115, -1.9191970682715, -0.55206308384648, 0.49636581898757, -1.7168708567888, 1.1133713522743, -0.21732238442956, 0.88601936615975, 1.8418479064126, 0.21782626059249, 1.4966707977188, 0.040676421077944, 0.74204468639998, 1.9232172790616, 1833.3333333333, 55, 
56, -0.033192254822958, -0.059584984020743, -0.010498005729949, 5557.6923076923, -0.042398275986299, 0.00614030612418, -0.054101621452494, -1.9727840334104, -0.57513482156253, 0.44528534274441, -1.727098875717, 1.1681033754869, -0.27129341385339, 0.88169806987497, 1.8844650850863, 0.27192788204499, 1.4269718646841, 0.042840601838781, 0.74818499252416, 1.9656155550479, 1866.6666666667, 56, 
57, -0.061434347708592, -0.054181938604667, -0.0088533243382581, 4514.2160686427, -0.057311256278804, 0.030544397877671, -0.050702080365071, -2.0505431531697, -0.59287644249421, 0.40938880139364, -1.7585477717615, 1.2383209007617, -0.31288992715764, 0.89411386596021, 1.9482031535958, 0.32262996241006, 1.0811325467395, 0.064942592633527, 0.77872939040183, 2.0229268113267, 1900, 57, 
58, -0.058171076228256, -0.053898436591565, -0.0096108299588319, 5448.1768813033, -0.05477342377266, 0.028340447008333, -0.050773744406887, -2.1248425792793, -0.60970945142959, 0.37059344694247, -1.7856634667718, 1.3073239148778, -0.35545932694826, 0.90207491567192, 2.0093518627674, 0.37340370681694, 1.0933160540339, 0.061670972818754, 0.80706983741016, 2.0777002350994, 1933.3333333333, 58, 
59, -0.041294459895643, -0.027808576673571, -0.018416829620205, 4816.6666666667, -0.026266440192439, 0.029302463543447, -0.035625375820516, -2.1768500441665, -0.60277190952735, 0.3466646790894, -1.7973888096113, 1.3621490340181, -0.36895795708779, 0.9191468719853, 2.0448054241983, 0.40902908263746, 0.73081713538916, 0.039351750279982, 0.83637230095361, 2.1039666752918, 1966.6666666667, 59, 
60, -0.049664909726778, -0.055716128272787, 0.010540238886675, 4851.8653846154, -0.063577464869458, 0.012370705549427, -0.038559802297569, -2.237866832393, -0.64293023069858, 0.31043819012861, -1.8299732099354, 1.4095657840974, -0.42673340733525, 0.90399517658322, 2.1077742040328, 0.44758888493503, 1.3786206898796, 0.064769810830492, 0.84874300650304, 2.1675441401613, 2000, 60, 
61, -0.065817227820799, -0.047894108861113, 0.042935053111779, 4805.3066037736, -0.089862370951226, 0.015304837412126, -0.012636847968729, -2.3026780621195, -0.71641279893638, 0.30422654395417, -1.9005594489595, 1.4336422577569, -0.49058222976254, 0.87834751665567, 2.1952475007277, 0.46022573290376, 1.4021008152336, 0.091156369833311, 0.86404784391516, 2.2574065111125, 2033.3333333333, 61, 
62, -0.04036207220493, -0.028584164276261, 0.0043753455392882, 4994.0830721003, -0.040678921005367, 0.018796469757469, -0.021382539373331, -2.34816586063, -0.73588512728522, 0.29077803404372, -1.9283105539633, 1.4677774025879, -0.51692308991225, 0.87664189474504, 2.2400258550541, 0.48160827227709, 1.1379512402805, 0.044811626722362, 0.88284431367263, 2.2980854321179, 2066.6666666667, 62, 
63, -0.060757569134286, -0.035591020576359, 0.0074141939735239, 4717.1021840874, -0.058062028888056, 0.031074606274616, -0.026006591092035, -2.4139767801815, -0.76277974319187, 0.2788264860872, -1.9726232853405, 1.5145955377091, -0.54919815267676, 0.87643085995758, 2.3058783923456, 0.50761486336912, 1.0793894048931, 0.065854615280327, 0.91391891994725, 2.3561474610059, 2100, 63, 
64, -0.058015607573469, -0.0028078555709148, 5.8889208047429e-05, 4903.8461538462, -0.035434337225756, 0.045665717414596, -0.0057225660976371, -2.4692187098906, -0.76585231455773, 0.30152781124637, -2.0210410174729, 1.5485441653896, -0.54027202370649, 0.89896175584746, 2.3591071457076, 0.51333742946676, 0.65990363882257, 0.05780095156326, 0.95958463736184, 2.3915817982317, 2133.3333333333, 64, 
65, -0.087983435905268, -0.026619867088412, -0.009275368525218, 5166.5128410915, -0.058880892984179, 0.0637390549273, -0.03171917978154, -2.5633200312119, -0.76711842865717, 0.30556260843585, -2.0793974763266, 1.622365193103, -0.54450520476758, 0.92425567381995, 2.442108667194, 0.5450566092483, 0.74579920388586, 0.086773421516267, 1.0233236922891, 2.4504626912159, 2166.6666666667, 65, 
66, -0.048440243268632, -0.020469865370972, 0.026490122245872, 4098.4242890085, -0.055513786792618, 0.019582417030581, -0.0013957732594544, -2.6071527166109, -0.81116189675708, 0.31032699942114, -2.1300539844568, 1.637313957625, -0.57758515614933, 0.91217830955296, 2.4997228002324, 0.54645238250776, 1.2316748641422, 0.058866387529861, 1.0429061093197, 2.5059764780085, 2200, 66, 
67, -0.056379985796257, -0.032896385234098, 0.047193095487111, 3988.3346273292, -0.079589146647789, 0.012216408414099, 0.002095650384763, -2.6549321403901, -0.88849687033312, 0.30862532362299, -2.1954601575146, 1.644148170029, -0.64036884512528, 0.88133435231547, 2.5741023738801, 0.54435673212299, 1.4184916181241, 0.080521257433447, 1.0551225177338, 2.5855656246563, 2233.3333333333, 67, 
68, -0.055931541866763, -0.031487213563067, 0.04491330927954, 4263.9344262295, -0.077167274035732, 0.013388712572635, 0.001715481887372, -2.7009396648006, -0.96398524760616, 0.3075271041245, -2.2592946238123, 1.6500766183246, -0.70124910786832, 0.8528879971285, 2.6470739387033, 0.54264125023562, 1.399004060771, 0.078320149428218, 1.0685112303065, 2.662732898692, 2266.6666666667, 68, 
69, -0.057914577397923, -0.0061032244810012, 0.013474391801062, 3714.2993145468, -0.045593007193149, 0.038651724873336, 0.00047829302500268, -2.7499912224147, -0.9901897853213, 0.33505660386421, -2.3186856789601, 1.6673152954651, -0.70636161975917, 0.86245721247139, 2.7060748555984, 0.54216295721062, 0.86760672566255, 0.059771884198163, 1.1071629551798, 2.7083259058852, 2300, 69, 
70, -0.075931184399972, -0.016873059508918, -0.0035550701150198, 4057.6421800948, -0.050623792348259, 0.055728639704431, -0.019860333094731, -2.8265743433825, -0.99649464341262, 0.35660363548208, -2.3804809092582, 1.717625142724, -0.70197195115717, 0.88335516171819, 2.7784043148854, 0.56202329030535, 0.73743562740224, 0.075289107014401, 1.1628915948842, 2.7589496982334, 2333.3333333333, 70, 
71, -0.063695606748683, 0.0098616977153993, 0.011637473253921, 3774.6710526316, -0.039859774175041, 0.050784677631155, 0.011042133342906, -2.8735649414703, -1.0178862592346, 0.41031984748288, -2.4530117520737, 1.724388403439, -0.68632953919833, 0.90542201951446, 2.8390747291298, 0.55098115696244, 0.66545192992005, 0.064559159531282, 1.2136762725154, 2.7988094724085, 2366.6666666667, 71, 
72, -0.073301255238463, 0.0013968532473302, 0.015282863354073, 3680.6603773585, -0.052033205711501, 0.053483031625273, 0.0063797935177601, 2.9225822808574, 1.0438055135403, -0.45880360723598, 2.5256384667809, -1.7330522796157, 0.67764156287975, 0.92398017274178, 2.9113482817776, 0.54460136344468, 0.77165871703182, 0.074618289771646, 1.2671593041407, 2.85084267812, 2400, 72, 
73, -0.063719198272161, 0.02060475684312, 0.019115069850483, 3132.5174825175, -0.039307206424515, 0.05222138615932, 0.02404054660378, 2.8559346670877, 1.0383954107344, -0.51284043810369, 2.5184378749018, -1.659130955149, 0.63434101489288, 0.94900972539993, 2.9717259121588, 0.5205608168409, 0.64522893706799, 0.065361530346988, 1.3193806903, 2.8901498845445, 2433.3333333333, 73, 
74, -0.056779455718116, 0.0074596386108906, 0.042386683918097, 3931.7441860465, -0.05666271793296, 0.031470593494133, 0.029582459748966, 2.7786735652119, 1.0652831750189, -0.54115911541251, 2.5046502062767, -1.5737124107049, 0.63155768579657, 0.94908825713614, 3.0365392477989, 0.49097835709194, 1.0638150802679, 0.064815598881929, 1.3508512837941, 2.9468126024774, 2466.6666666667, 74, 
75, -0.065701885285677, 0.010557180340607, 0.026765523700388, 3715.7142857143, -0.050361897417213, 0.046440341039209, 0.021249915523382, 2.7041872782372, 1.0653272012201, -0.57746563462071, 2.4842343242687, -1.4985020265959, 0.60339816032324, 0.96700084597264, 3.1026603457176, 0.46972844156856, 0.82588703301101, 0.068505663906716, 1.3972916248333, 2.9971744998947, 2500, 75, 
76, -0.066583386077187, 0.0054881433501303, 0.018550722978553, 4174.0719257541, -0.048149253407032, 0.048421982296352, 0.012023195455682, 2.6344416320286, 1.0521634751149, -0.60652636563111, 2.4553895846293, -1.4356636742152, 0.57020802969948, 0.98877317890182, 3.1673824580907, 0.45770524611287, 0.78257404954748, 0.068286447946593, 1.4457136071297, 3.0453237533017, 2533.3333333333, 76, 
77, -0.069967766523496, 0.010283255435435, 0.051602898241613, 4133.3720930233, -0.068878687784623, 0.039498566452861, 0.036873871199776, 2.5388535176765, 1.0782338092118, -0.63460214783597, 2.43029949991, -1.33588298525, 0.56581512719891, 0.99522898399641, 3.2465156578471, 0.4208313749131, 1.0501267871451, 0.079400317271172, 1.4852121735825, 3.1142024410863, 2566.6666666667, 77, 
78, -0.073706325408369, 0.024344226656969, 0.016393008489184, 4067.2400312744, -0.041558223833209, 0.062985560229708, 0.024489320768211, 2.463293678279, 1.0626771009973, -0.68970499857876, 2.4135071168561, -1.258580892558, 0.51356551937559, 1.0365171973782, 3.3096764321375, 0.39634205414489, 0.58323756425319, 0.075460365528013, 1.5481977338122, 3.1557606649195, 2600, 78, 
79, -0.07224484718177, 0.02644556824784, 0.037548440751319, 4136.5787432118, -0.053182135204408, 0.053936986355864, 0.039887749649623, 2.3733422310316, 1.0719230731646, -0.7378541484396, 2.3961803845364, -1.1621150091865, 0.48374599242494, 1.0671280738347, 3.3789570145993, 0.35645430449526, 0.77835144152324, 0.075746537888227, 1.6021347201681, 3.2089428001239, 2633.3333333333, 79, 
80, -0.066384835698608, 0.025945867598267, 0.036403229010565, 4931.5285379203, -0.049264479254133, 0.049466744599778, 0.039132863241141, 2.2885617369441, 1.0814750360512, -0.78114094126943, 2.3789274208442, -1.0717092324151, 0.45763382798643, 1.0975279248746, 3.441799784321, 0.31732144125412, 0.78334952007283, 0.069813664403758, 1.6516014647679, 3.2582072793781, 2666.6666666667, 80, 
81, -0.047841943727423, 0.0093225930905429, 0.042370252385851, 4245.1036866359, -0.050487240084842, 0.025039221274433, 0.031544831947908, 2.2171956458538, 1.100065032976, -0.79324975940458, 2.354099924334, -1.0012414884428, 0.45942862915188, 1.1064422745002, 3.4974433957616, 0.28577660930621, 1.110392778537, 0.056355337044636, 1.6766406860423, 3.3086945194629, 2700, 81, 
82, -0.051632482106572, 0.0079719640100681, 0.05972823219132, 3659.2015209125, -0.064479230810783, 0.020354945570983, 0.041533501775161, 2.1302948689785, 1.1316042741884, -0.79686533219555, 2.3211837376846, -0.91629993691386, 0.47558401696033, 1.1091981199343, 3.5649984415951, 0.24424310753105, 1.2650150025959, 0.067615789688119, 1.6969956316133, 3.3731737502737, 2733.3333333333, 82, 
83, -0.055147885902288, 0.011310156079014, 0.056759499569041, 5032.2837632777, -0.06297962635482, 0.025824371182133, 0.04192276060478, 2.0418547334575, 1.1575162409019, -0.80590754221277, 2.2880341099349, -0.8302328757165, 0.48385505830143, 1.1204350099563, 3.6321283725839, 0.20232034692627, 1.1816620634595, 0.068068579261986, 1.7228200027954, 3.4361533766285, 2766.6666666667, 83, 
84, -0.055429638214004, 0.010512691936352, 0.057313907808556, 5513.961038961, -0.063896161257416, 0.025487864637636, 0.041659266468139, 1.9527546171023, 1.1811843024446, -0.81267726925003, 2.2519278187235, -0.74551466693882, 0.49185480019501, 1.1339703353442, 3.6995709706161, 0.16066108045814, 1.1912428258932, 0.068792082881827, 1.7483078674331, 3.5000495378859, 2800, 84, 
85, -0.096964618544738, 0.019315894702469, 0.013560592627344, 4962.9672897196, -0.05588024128548, 0.080835567007551, 0.017382151917587, 1.8602016848913, 1.1438179195117, -0.86753017011623, 2.2141612351672, -0.6637445725407, 0.42215213106031, 1.2054139394685, 3.7670437335781, 0.14327892854055, 0.60485153907278, 0.098269986565358, 1.8291434344406, 3.5559297791714, 2833.3333333333, 85, 
86, -0.086232949501995, 0.020487295622785, 0.018846553729875, 4641, -0.052387790940037, 0.070471270734183, 0.022368770839447, 1.771674054831, 1.1173026331424, -0.91304561858926, 2.1781846281026, -0.58453264040744, 0.36698868454878, 1.2683700137129, 3.8282557580691, 0.1209101577011, 0.6392586675704, 0.087810481370207, 1.8996147051748, 3.6083175701114, 2866.6666666667, 86, 
87, -0.048621205112928, 0.011950426660541, 0.054590253811766, 4325.0573394495, -0.05744910796544, 0.021717718306007, 0.041410992322348, 1.6904342750964, 1.1363387899484, -0.91159186616471, 2.1391212797248, -0.51151058104558, 0.37729513002368, 1.2842306876897, 3.8875852868288, 0.079499165378753, 1.2093683342769, 0.061417092852428, 1.9213324234808, 3.6657666780769, 2900, 87, 
88, -0.03859426519179, 0.0028137159815471, 0.05146055285477, 5186.0429447853, -0.054119768638475, 0.011075708299446, 0.033075700071535, 1.622065753261, 1.15188590702, -0.89851967538563, 2.0984356407579, -0.45515719791751, 0.39328963548205, 1.2918789226248, 3.9422923646538, 0.046423465307219, 1.3689319057272, 0.055241476010481, 1.9324081317803, 3.7198864467154, 2933.3333333333, 88, 
89, -0.0431546030159, -0.0248373490239, 0.044860892857046, 5129.6957175056, -0.066336048946654, 0.0058802582251763, 0.0075276472630538, 1.5625283820246, 1.1399375591497, -0.86648155424083, 2.0371129247265, -0.42532672610775, 0.40126277104532, 1.2949248105051, 4.0088186884646, 0.038895818044165, 1.4823839352923, 0.066596162251646, 1.9382883900054, 3.786222495662, 2966.6666666667, 89, 
90, -0.039422573092217, -0.023457636166644, 0.045747177328375, 4776.9490254873, -0.064028868960118, 0.0030779652251546, 0.0093827009887737, 1.505190689078, 1.1311449593421, -0.83347122189076, 1.9780284707111, -0.39635048139563, 0.41239865821134, 1.2958113259801, 4.0729151451438, 0.029513117055391, 1.5227617819111, 0.064102807506686, 1.9413663552306, 3.8502513646221, 3000, 90, 
91, -0.041706427216793, -0.012325383216963, 0.037000902849027, 5266.9757759273, -0.054233964047006, 0.013214458369942, 0.012019306250174, 1.4491317854507, 1.1227915239917, -0.81673958105473, 1.9303202792427, -0.36148988430137, 0.41339655180894, 1.3077474985803, 4.1274443793472, 0.017493810805217, 1.331796861092, 0.055820648207119, 1.9545808136005, 3.9044853286691, 3033.3333333333, 91, 
92, -0.065770862497716, -0.010934267020958, -0.0061875802924437, 4260.7594936709, -0.040030273043338, 0.051102680595474, -0.016423856884219, 1.4015508020957, 1.0741341857719, -0.84163153087434, 1.8941322094223, -0.33318390474313, 0.35735827698074, 1.3578038742832, 4.1687744794398, 0.033917667689436, 0.66449345766484, 0.064914611020688, 2.005683494196, 3.9445156017125, 3066.6666666667, 92, 
93, -0.06544179394061, -0.0079326242839009, 0.031398013304277, 5102.8587443946, -0.062374784577306, 0.036551223802809, 0.010236454092195, 1.3292258604676, 1.0509814270895, -0.8406325347429, 1.8395842683597, -0.2848887813206, 0.33590954747656, 1.3925436884054, 4.23217564852, 0.023681213597241, 1.0407393233578, 0.072295267566753, 2.0422347179988, 4.0068903862898, 3100, 93, 
94, -0.060276405937794, -0.014716964913232, 0.013425065886226, 5602.3011782032, -0.051233111072598, 0.036963693442, -0.0062386221555809, 1.2746512613782, 1.0145205425884, -0.84504264676722, 1.7922728977827, -0.25428373620667, 0.30196552450282, 1.4281211437403, 4.2843808095604, 0.029919835752822, 0.94579888206749, 0.063175519808319, 2.0791984114408, 4.0581234973624, 3133.3333333333, 94, 
95, -0.047177155017144, -0.030767489381308, 0.035923012809087, 4913, -0.065930461370016, 0.010336994278655, -0.0030177823184607, 1.2226410353409, 0.98487779947478, -0.81503543639663, 1.7278523852293, -0.23712318691041, 0.29566453264597, 1.4363812608847, 4.3506035132443, 0.032937618071283, 1.4152760914442, 0.066735891296814, 2.0895354057195, 4.1240539587324, 3166.6666666667, 95, 
96, -0.033771462281766, -0.034071244179093, 0.047752240275899, 5056.9699192957, -0.067282103137099, -0.0067728277829414, 0.002980958475612, 1.1762658595865, 0.96555154237188, -0.7682152032756, 1.6611193869195, -0.22713770573037, 0.30844316018784, 1.4274963038872, 4.4176393765069, 0.02995665959567, 1.671121510569, 0.067622130983344, 2.0827625779365, 4.1913360618695, 3200, 96, 
97, -0.048101836291898, -0.043434959999717, 0.037438367528711, 5771.449704142, -0.073746537934448, 0.0051388082552965, -0.011707081714099, 1.1258871956408, 0.92591871344092, -0.72947480244765, 1.5870985898459, -0.21910173313979, 0.30032308939246, 1.4299914902964, 4.4915222211779, 0.041663741309769, 1.5012267545829, 0.073925362411027, 2.0879013861918, 4.2650825998039, 3233.3333333333, 97, 
98, -0.044790276806905, -0.030067989240205, -0.010908438264866, 5406.7880794702, -0.034240445922887, 0.028072447028548, -0.032692132484136, 1.1004447235691, 0.87472934623689, -0.73694417053559, 1.5514844552364, -0.21695000965919, 0.25504103356552, 1.4560304617608, 4.5273311403741, 0.074355873793906, 0.88406108430773, 0.044277199766571, 2.1159738332204, 4.2993230457268, 3266.6666666667, 98, 
99, -0.036073618934573, -0.028881197180237, 0.0038390881321793, 5238.5254988914, -0.037970723758398, 0.015429058824786, -0.021687238510707, 1.0746956577222, 0.83590464315645, -0.72938981762965, 1.5122393682425, -0.21557328593405, 0.22886150098148, 1.4681721580197, 4.5664763726039, 0.096043112304613, 1.1848356195754, 0.040985750193882, 2.1314028920452, 4.3372937694852, 3300, 99, 
100, -0.021508686340866, -0.037330991326148, -0.0030117698594, 5633.59030837, -0.02926082516901, 0.002948466863626, -0.03162921810089, 1.0675071412902, 0.79311820402433, -0.71734008441512, 1.4790251500091, -0.23271371426513, 0.20375031826577, 1.4678359833996, 4.5958823029255, 0.1276723304055, 1.470370312314, 0.029409001112198, 2.1343513589088, 4.3665545946542, 3333.3333333333, 100, 
101, -0.017161132164761, -0.026432261169887, -0.005005811970046, 5315.0036818851, -0.020013168872933, 0.0048368085680587, -0.024378372744153, 1.0618267601816, 0.76066568959039, -0.71178538817003, 1.4559913017743, -0.24404739334805, 0.18236629442757, 1.4698355600958, 4.6163738537729, 0.15205070314966, 1.3336622270802, 0.020589357577656, 2.1391881674768, 4.3865677635272, 3366.6666666667, 101, 
102, 0.0024884456218238, -0.048982455237275, -0.013574482115865, 5186.6322008863, -0.014243711952776, -0.016961050722074, -0.045816787291364, 1.0838451795011, 0.71302932751607, -0.69414276008105, 1.4339032587942, -0.28913269903289, 0.15902686547222, 1.4506556429335, 4.6274468345571, 0.19786749044102, 2.4430562708338, 0.022148602027903, 2.1222271167548, 4.4008114754799, 3400, 102, 
103, -0.021486464106668, -0.056091846700294, -0.011522808297136, 4630.8605341246, -0.033144332527913, -0.0014259632667982, -0.051382456895253, 1.0844130520271, 0.65039480275031, -0.67730140967287, 1.3922913971768, -0.32285435492268, 0.12244354146966, 1.4419179288707, 4.6594469206957, 0.24924994733627, 1.6137926501896, 0.033174992840378, 2.120801153488, 4.4339558080079, 3433.3333333333, 103, 
104, -0.048590266245625, -0.049490710175655, 0.029083789894704, 4923.1821589205, -0.071705312441292, 0.006446442038143, -0.021748647989302, 1.0418196666644, 0.6032460278255, -0.63627547799431, 1.3176306101392, -0.32520875268215, 0.11058793367041, 1.4297050729378, 4.730396642772, 0.27099859532558, 1.4811354900005, 0.071994502896085, 2.1272475955261, 4.5056611204492, 3466.6666666667, 104, 
105, -0.047340276459975, -0.062512994737746, 0.00014998763960302, 4518.3534743202, -0.058955018877377, 0.011936576934933, -0.05030727266485, 1.0137176069538, 0.53141718504641, -0.61293038158782, 1.250482345748, -0.34231914956355, 0.069448573713302, 1.4239170238648, 4.7902628208276, 0.32130586799043, 1.3710276442406, 0.060151276958644, 2.139184172461, 4.5646161393265, 3500, 105, 
106, -0.040860137029324, -0.058062407800973, 0.0074473459797973, 5020.8554125662, -0.057607919103896, 0.0055517836009715, -0.04179428139894, 0.98762400019042, 0.46967320463352, -0.58386882537443, 1.185875907375, -0.35918237821968, 0.039793732994355, 1.4098167680429, 4.8463896447456, 0.36310014938937, 1.4747211454029, 0.057874818743846, 2.144735956062, 4.6222240584304, 3533.3333333333, 106, 
107, -0.045739403859952, -0.043921922010957, 0.0019180692587337, 5464.7070161912, -0.049893529557403, 0.017717445298988, -0.034951891281168, 0.95446328551025, 0.41657298834308, -0.56780173826772, 1.129738778022, -0.36133256381437, 0.0078341207014951, 1.4077334223315, 4.8992920482378, 0.39805204067053, 1.2295808200234, 0.052945936195501, 2.162453401361, 4.6721175879878, 3566.6666666667, 107, 
108, -0.023116185480673, -0.045773202312265, -0.003497212903528, 7123.3900814212, -0.034094643353692, 0.00090343676455007, -0.03845143661639, 0.94447243786148, 0.36674464528928, -0.55187554130727, 1.0888986288187, -0.38076897371439, -0.020284069719936, 1.3947424420195, 4.9308255379437, 0.43650347728692, 1.5443046167015, 0.034106610846037, 2.1633568381256, 4.7062122313415, 3600, 108, 
109, 0.0041599781661809, -0.026371415743703, -0.023876634817282, 6078.0044510386, 0.0045775993339936, -0.0045570894611043, -0.035229651258901, 0.9603184971999, 0.33340843075838, -0.5601198472867, 1.08686291116, -0.40415676376604, -0.049935982031296, 1.3926553793679, 4.9247131240005, 0.47173312854582, 3.929236086518, 0.006459216672251, 2.1587997486644, 4.7016346320075, 3633.3333333333, 109, 
110, -0.029261402864608, -0.049261790345423, -0.016374476322687, 5581.7498165811, -0.031198953861617, 0.0097294682336785, -0.049830093949487, 0.9477912275355, 0.27282327420413, -0.55399546306287, 1.0454491504755, -0.42200618026369, -0.092729671154893, 1.3863442703846, 4.9567755631993, 0.52156322249531, 1.2685015633355, 0.032680839557292, 2.1685292168981, 4.7328335858691, 3666.6666666667, 110, 
111, -0.014321576418048, -0.029306305900714, 0.0045122960234954, 5762.9246676514, -0.025865344005814, -0.0026006490175888, -0.020212581488727, 0.94051609923128, 0.24435584650117, -0.5368880874399, 1.0160777840152, -0.43515670227807, -0.10370103952384, 1.3709898213952, 4.9777517097216, 0.54177580398404, 1.6710052431986, 0.025995757266365, 2.1659285678805, 4.758698929875, 3700, 111, 
112, -0.018315465582286, -0.02698144841489, 0.0013690134898946, 5976.5625, -0.025038936573493, 0.0029020770244566, -0.020735440684113, 0.92916965899409, 0.21545891852275, -0.52406791947398, 0.98684785904393, -0.44342522682099, -0.11803191267909, 1.3603275765526, 5.0005917094713, 0.56251124466815, 1.4554086051305, 0.025206554619529, 2.168830644905, 4.7837378664485, 3733.3333333333, 112, 
113, -0.0056969236063554, -0.042859193437296, -0.008518430874096, 7596.6017634093, -0.019225457247336, -0.0098687448539329, -0.038404659799424, 0.93523796103471, 0.17128308273947, -0.51190429570639, 0.9606381755525, -0.47190585926132, -0.14329429974714, 1.3415195514623, 5.0112319497559, 0.60091590446757, 2.0450403121584, 0.021610421822842, 2.1589619000511, 4.8029633236958, 3766.6666666667, 113, 
114, -0.037617279788899, -0.066437199957212, 0.0041946688888482, 5858.9734121123, -0.057796398990713, 0.00076117279800889, -0.050055495227406, 0.91374063329243, 0.10325134262677, -0.47804312288645, 0.89252677046747, -0.49710736959153, -0.17432255449676, 1.3082789375331, 5.0585120805345, 0.65097139969498, 1.5576271880881, 0.057801411058227, 2.1597230728491, 4.8607597226865, 3800, 114, 
115, -0.0063841053491662, -0.035823172825918, -0.0038874548650897, 5736.0822831727, -0.019086902795866, -0.0082749467090819, -0.030106207703867, 0.91599942080282, 0.067335925980856, -0.4651810712806, 0.86774969058226, -0.51933115830756, -0.19310155899644, 1.2899799962952, 5.0684066601505, 0.68107760739885, 1.9798786164508, 0.020803475704242, 2.15144812614, 4.8798466254824, 3833.3333333333, 115, 
116, 0.00128650818344, -0.033252250974304, -0.0041269541834843, 5001.9230769231, -0.013158850094567, -0.013293328590962, -0.027830391418662, 0.92502175151167, 0.035479384731743, -0.45365196157103, 0.84980885078811, -0.54476355754129, -0.20924098734694, 1.2713438453825, 5.0700005955051, 0.70890799881751, 2.3612782808117, 0.01870475663671, 2.138154797549, 4.8930054755769, 3866.6666666667, 116, 
117, 0.0008961377823083, -0.034086647805827, -0.008959351555435, 5205.8561897702, -0.010713211827448, -0.011329544803648, -0.031620254672023, 0.93392032791892, 0.00052227588961557, -0.44611287350435, 0.83280329991508, -0.56974743210706, -0.2303274500001, 1.2557601290312, 5.0705107785642, 0.74052825348953, 2.3841480009173, 0.015592674341422, 2.1268252527454, 4.9037186874044, 3900, 117, 
118, -0.020019757656315, -0.043801630609449, 0.0043519036552407, 4924.6875, -0.036317235089794, -0.0040167926077367, -0.03167390287564, 0.92368189327297, -0.041657756240004, -0.42088051141343, 0.7896748750102, -0.58962182262529, -0.24662470432754, 1.2279157906495, 5.0941680051624, 0.77220215636517, 1.680951536157, 0.036538694385828, 2.1228084601376, 4.9400359224942, 3933.3333333333, 118, 
119, -0.019676517840622, -0.044147130716051, 0.0054706052014863, 6261.6666666667, -0.037003333912383, -0.0049018516748633, -0.031189531852783, 0.91349977172165, -0.083414614835651, -0.39438097272756, 0.74597988207541, -0.60988815672818, -0.26177593805086, 1.1982311132403, 5.1167951771737, 0.80339168821796, 1.7025000420783, 0.037326597359974, 2.1179066084628, 4.9770392564066, 3966.6666666667, 119, 
120, -0.038756938057821, -0.023264731942201, 0.0021507786291253, 5842.2753834916, -0.03566814401784, 0.020653204478613, -0.018686956803021, 0.87997627102905, -0.11103611074788, -0.37899825994446, 0.70274988317968, -0.60076495292905, -0.27486542408807, 1.1865295079827, 5.1563147602039, 0.82207864502098, 1.0459328103629, 0.041216154028643, 2.1385598129414, 5.0127074004244, 4000, 120, 
121, -0.034498889300046, -0.033000608193995, -0.00077304087936524, 5414.756816507, -0.036149439220368, 0.014334982334997, -0.027704459545914, 0.85232855035299, -0.14796278961875, -0.36239142080619, 0.65754890324597, -0.60080169819551, -0.29385577742407, 1.1693214209532, 5.191186879951, 0.84978310456689, 1.1932694806675, 0.038887963105462, 2.1528947952764, 5.0488568396448, 4033.3333333333, 121, 
122, -0.032014577004947, -0.032333440123886, 0.0010562701027551, 5625.3299120235, -0.035531087016834, 0.011851471470078, -0.025856999765676, 0.82688136533377, -0.18286089079321, -0.34453486771483, 0.61384820365852, -0.60228138414372, -0.31035889431253, 1.1500401548747, 5.2232972368749, 0.87564010433257, 1.2488488249055, 0.037455513887863, 2.1647462667465, 5.0843879266616, 4066.6666666667, 122, 
123, -0.065152713037938, -0.031756340849901, 0.0097962234306859, 5442.6211453744, -0.060252016860393, 0.035250056705089, -0.021827395365114, 0.76897855769178, -0.2185136854915, -0.31481910918008, 0.54316925878642, -0.58276317891276, -0.32177864122179, 1.1256325135473, 5.288695690261, 0.89746749969768, 1.0414467761241, 0.069805959870609, 2.1999963234516, 5.144639943522, 4100, 123, 
124, -0.056817881720352, -0.029116879317061, 0.006127721297045, 5542.1748714181, -0.05170816225787, 0.031142127627276, -0.021680568458952, 0.71830460142703, -0.2514949576397, -0.2905977164104, 0.48156940516891, -0.56569075703074, -0.33427988848511, 1.1040178122749, 5.3450538045611, 0.91914806815663, 1.0287114701201, 0.060361959521206, 2.2311384510788, 5.1963481057799, 4133.3333333333, 124, 
125, -0.057672398008877, -0.031255089475038, 0.0036935393052601, 6181.4480471629, -0.051716876951441, 0.031941543339413, -0.024934524879524, 0.66665457292275, -0.28712474424257, -0.26774536991966, 0.41895456913704, -0.54837552244499, -0.34973959482578, 1.0815655435244, 5.4015393222864, 0.94408259303616, 1.0175192678025, 0.060785668973156, 2.2630799944182, 5.2480649827313, 4166.6666666667, 125, 
126, -0.017807407892695, -0.044293415424174, 0.031569284875401, 5402.8125, -0.052667735458388, -0.017267990522268, -0.014267331846818, 0.65959828073105, -0.32076195701734, -0.22023069933032, 0.36769637564361, -0.57645019149995, -0.34491177077683, 1.0286605750286, 5.4180647363193, 0.95834992488297, 1.8876187645682, 0.055426292091316, 2.245812003896, 5.3007327181897, 4200, 126, 
